,A,B,C,label
0,blue,0.3075375975859113,183148.85360857536,5494.571759009213
1,red,3.674540429562624,,85.75613130158729
2,blue,2.447972847521738,3981.918771509285,119.60652260222898
3,red,3.9549346053013354,272239.99795362673,8167.479037300907
4,red,,1134.8244914239447,34.25001260222448
5,green,0.13964878460409755,1605.4762288353722,48.46707984075325
6,blue,0.5168222261749396,113065.62285564588,3392.0790221138996
7,green,1.1922221912120938,35468.504484252706,1064.3789789714053
8,blue,1.6465633125596277,27186.186502671953,815.7185263464099
9,blue,2.851862118875509,18337.09220325334,550.2698033399778
10,blue,1.3288045066199083,23447.8736546475,703.5627857295575
11,green,5.712568689999675,18320.497072090908,550.0291635365272
12,red,0.8004304120352742,331335.0589941357,9940.267778432311
13,green,0.40128667050713523,,298.32362902688044
14,green,0.1861470706119549,15950.619178759598,478.8222983042002
15,blue,0.41107838780076567,797229.2921608733,23916.986986393957
16,red,1.2739444596966638,,698.3946973741492
17,red,0.4111816228495445,1912712.1737463605,57381.57343602327
18,red,2.551655753450812,17855.031030830403,535.9019640399811
19,red,4.105500689193367,339364.4779260801,10181.216447796187
20,blue,0.09351935065471209,803.7690071671489,24.214940602027564
21,red,2.372756360091779,29950.12932700696,898.7513349374105
22,blue,0.10650066404777325,,27.887093049426948
23,blue,1.494062702074958,119241.79641387449,3577.3837736702762
24,red,3.4037254903238123,1947.4271450704146,58.690888861918914
25,green,,38852.943114392816,1165.9096335413449
26,blue,0.2781237353288377,12526.582266276804,375.90303046301074
27,green,0.5568656871672769,2172.4126074975316,65.4835155386693
28,blue,0.7697839055143894,863.7471143223426,26.027809107780566
29,,0.8333973132926118,7926.121261510178,238.00030579157118
30,red,0.8163624524066772,715873.5983857743,21476.424278822276
31,green,0.8959391517475382,12246.921646393539,367.72556817484116
32,blue,1.2379787989954703,137921.9306637647,4137.7826794889215
33,red,0.298622915486204,19651.60443648007,589.7541055527117
34,red,0.785040610144064,127192.06519257653,3815.977656589499
35,red,4.564281782554525,570.3083864534598,17.400537229254883
36,blue,0.6806919510326432,9834.219677581468,295.14020416646474
37,green,0.641570570017598,147091.63627842403,4413.061919764121
38,blue,2.9393759699852757,15890.71256811444,476.88016456283293
39,green,0.07736779530182514,,556.1699260497348
40,green,3.258863781316588,9312.158363613584,279.72992818403384
41,blue,,219423.4638710592,6582.814547708569
42,,1.1781301611393589,39935.810551285475,1198.397879141787
43,blue,1.101112856280583,24053.710643669576,721.733341567213
44,blue,2.5663075612978594,79706.71308695622,2391.3527187599125
45,blue,0.7652178256798906,71428.33070660976,2142.9652255548067
46,red,,,1011.1302627961757
47,red,3.6614007422256147,486048.1606602493,14581.718047822325
48,green,0.09402695174274202,19524.491536841626,586.0366266442836
49,blue,1.0205423296233265,38413.41766627041,1152.5229408347047
50,blue,0.25977863287858355,6088.121723183264,182.74884726815552
51,red,0.4669311847081441,29739.471643797253,892.3934879376118
52,blue,7.472702255568102,527299.0097168571,15819.219745550823
53,red,0.9563843313717847,6084.408511989887,182.75138304632404
54,green,1.2153956931554037,2282.015559416065,68.78477469634505
55,green,0.16837479602155928,161703.43455651094,4851.406404191249
56,,0.48236959758927167,16357.923808502102,490.84736164701485
57,red,,26689.04364880279,800.8956535678304
58,red,,20126.112748583968,604.0118991599741
59,red,1.853149370957972,25802.93303199941,774.3250539474014
60,red,1.008665226513119,120699.75376757438,3621.212786331762
61,green,1.693850277725713,4112.356985067463,123.70458655757841
62,green,1.5742546349907627,2911.5819322530474,87.67894306029125
63,green,0.16045521477740893,,783.4956007754995
64,blue,,886.3577242553007,26.711485706827848
65,green,,1413.5971825717108,42.75102029100816
66,red,1.80377162642219,921139.064390977,27634.40800716184
67,blue,0.6949893133775177,100201.32189620822,3006.153556672514
68,red,0.4468079103279059,21587.874196802524,647.8451620622823
69,green,0.32683104475375113,261977.49233033537,7859.631306530957
70,blue,0.8771703957864017,2748.475133138434,82.57179740206875
71,blue,3.105205446557665,11716.97299890913,351.6712940762051
72,green,0.1420176261195504,,2299.578269614079
73,blue,0.5169072971549857,130789.35918021674,3923.7911135524455
74,blue,0.31988220656917515,61441.06450846263,1843.3383328980105
75,blue,2.1923138119840653,,4.243754083008791
76,,,3177.4547578290803,95.43513210931778
77,blue,0.6246038575280003,57190.10567602948,1715.815662358035
78,blue,0.8049705629979093,10808.595907578054,324.37397663860156
79,green,,3542925.093519262,106288.08402765747
80,,0.6754413174275898,140521.61536459322,4215.761969764146
81,green,0.04754193787686857,67249.42594120093,2017.7837290747855
82,red,1.7216995120483034,2359.2543448108577,71.0120643345667
83,red,1.5512219228390784,20525.155712960062,615.9856958272587
84,red,0.8028872158946412,35682.22442276093,1070.6827904271458
85,blue,0.3382274703438043,210147.9867353089,6304.546366608673
86,red,1.4215958955951784,128317.40425366844,3849.7505595279654
87,red,1.4611671490814317,173855.25932088625,5215.887002969569
88,red,0.6249817168579618,3470.9234740343127,104.34020385536654
89,,0.8051461457099545,371128.4086247953,11133.968361666775
90,red,0.3944919665516055,1392.8934696703643,41.99469392944196
91,green,0.8364495325228787,7541.458495162549,226.5604838455269
92,blue,0.21215686576250103,52132.418477790336,1564.0767974710252
93,red,1.517886369897758,16321.145508614996,489.86472298584783
94,green,0.3889251031369568,,88.66327298920312
95,blue,1.2688400641774173,4259.471407396488,127.90951902317818
96,green,0.2451309022392753,995.7451529399376,30.177257206242913
97,blue,0.5542953309771789,63828.129793352826,1914.9549797072043
98,red,0.8953958167988784,,8222.308558486047
99,green,0.19000596513459073,18019.557831294573,540.8905350581399
100,green,1.1220393447862462,9890.226932178266,297.0292487522437
101,red,0.6844446065967913,1159.0478673723528,34.98512491330252
102,blue,0.17510732666666035,136817.58873147707,4104.631164090846
103,red,,1835098.4081986523,55053.157678948985
104,red,1.831472126330521,604.9152655417738,18.384087408779823
105,blue,2.44869685113074,2625.7822317724567,78.92244089019631
106,green,0.8764210614428922,5657.933026934409,170.0555192292611
107,green,,7124.994125426884,214.07980267134212
108,green,1.2508753213303496,34706.83429494643,1041.5300463548194
109,green,1.390443807465007,,16679.919509620107
110,red,3.618226566641552,,4967.597024683031
111,green,0.22157405789687745,63271.784454768975,1898.457965124227
112,green,1.9669039988846817,5177.836541256336,155.6744343176678
113,green,0.682488941095198,,70.71311278058994
114,,0.7991081910967294,4475.840290018596,134.5911908643798
115,,0.7391534527107375,487055.61891316844,14611.983350464106
116,,0.6871881745241837,19467.72795861618,584.1455825219759
117,red,0.29340651985767563,9012.136903436935,270.56997523350515
118,green,1.2012217925249131,15252.344981607564,457.8943738840774
119,green,5.317179708420708,114603.82266297664,3438.521023483468
120,red,0.9454133682152445,1594.476344891478,48.053198614108645
121,green,0.9986159159939153,,11194.96000838862
122,red,0.5029326385889438,30120.235900124248,903.8171356564993
123,blue,0.8891631438453069,14289.95387887985,428.81639962927244
124,green,,53406.73964118428,1602.5340666803106
125,green,0.6905668888178976,,1023.0493826159068
126,blue,0.6352071955845835,11065.717417885156,332.0842266804664
127,green,,13287.495127030616,398.9547878664643
128,blue,0.39931497207168853,3874.8991136758286,116.3549597097163
129,blue,1.28723515440225,81861.28944204265,2455.9644279643676
130,green,2.2712305957338703,7600.827342294042,228.37024488073595
131,blue,3.895992815389891,3253.4887305475036,97.7825817727329
132,green,0.9135821235841232,30691.071028895258,921.0504025093294
133,green,3.9259063422744522,314356.37246716634,9431.069692141837
134,green,2.8134454934398603,,600.2501982293376
135,blue,0.36927537469777466,,195.93594671998252
136,blue,0.29583940824668253,49404.265305826484,1482.2338759629595
137,blue,0.7371501782663977,1059624.2528527388,31788.84232858573
138,red,2.7980856658630597,1207.3569868685252,36.47667131937301
139,green,,47306.622515152456,1419.5172807318686
140,blue,0.5484508794221842,33195.6210613701,995.9796008586914
141,red,4.722050721093508,224822.75318560994,6744.977036582721
142,green,1.3322969570560113,159822.37916874714,4794.998021001556
143,green,,15162.51854569169,455.17752067477755
144,green,1.3732231299516742,758.2138646235221,23.073880401304695
145,,1.6820959659173742,110539.42634368644,3316.416432229912
146,,1.2530851800273122,4144.819912149716,124.46965906809204
147,blue,1.5678607337653445,3316.0154586657577,99.61182097464804
148,,,218972.44114995294,6569.291933248362
149,blue,0.267564165697398,3562.7900710780264,106.98905341565472
150,green,0.690248222575006,364284.15227606846,10928.838373246504
151,,0.3884402974285024,,1293.8395166843638
152,blue,,,1251.083340590045
153,blue,0.2827850108257328,40722.23598790582,1221.7727353373912
154,blue,1.572220722144678,831.4346881432355,25.074485058739956
155,red,1.1028482433115212,,19.150484037431994
156,green,0.6387990417755318,33897.82417150863,1017.2475011260946
157,blue,0.5223915232352244,68597.72970265427,2058.0423389100924
158,blue,0.9768490865704991,25983.631584596154,779.628484519616
159,red,2.9423092379066866,4259.601822341254,128.04690085499576
160,blue,,,686.3831089600909
161,green,1.457724299701574,18693.510185602907,561.1344600540812
162,red,0.5794290979837421,3247.639823812146,97.64078329632406
163,red,0.15189195321964954,167367.003889021,5021.2131545096945
164,red,0.142886726761568,691.9044561236936,20.95999141824604
165,,0.40140535811748274,71502.29410950636,2145.176851392353
166,blue,1.2454657493118035,47507.68709093578,1425.3555220430599
167,blue,1.4815116238184638,165946.99508348317,4978.539482736972
168,red,0.3910258640661205,2949.4566776467336,88.69152084668335
169,red,2.7649456860871484,26979.006171549387,809.6254840602035
170,green,,1693537.168323624,50806.49803934784
171,red,1.4859979770516123,82797.12172546603,2484.143371723522
172,,0.5535502927552635,26934.476990494393,808.1453807206868
173,blue,,64752.173607645236,1942.7267767959713
174,red,2.128453576595779,26169.59932037477,785.330548682775
175,green,2.380730590450269,1761710.9517556303,52851.67616728072
176,red,0.5186823243814122,157514.43621861993,4725.643460205086
177,,0.05874469045507616,18560.112941633633,557.004563142818
178,red,,,1094.9230574685484
179,blue,0.19971210919867122,10080.96234535815,302.53286460292844
180,blue,,247632.29732401366,7429.088217001343
181,,10.812959313529461,1323.176358528726,40.01154994213237
182,red,1.3917706094550542,889.3785321010462,26.909191375220484
183,green,2.583761992618162,,12220.86943913287
184,red,0.2225960535059332,1633506.656718659,49005.404153480835
185,red,0.16903204701409574,56196.50331653777,1686.0984801370732
186,blue,0.5870162408560916,27597.373454133205,828.0329439488132
187,blue,2.9765048243841417,82004.9902096159,2460.309236384965
188,red,0.7073360217914944,6038.391498302601,181.36589166951384
189,green,0.45174549536946135,31023.091407894608,931.0017771467456
190,blue,1.218922522146764,23808.963626388228,714.3932872420897
191,green,2.9503836669173746,77120.81533285932,2313.983467659118
192,green,0.23576017481123074,976.5275311616325,29.600541138345204
193,red,,7989.875530424459,239.902226620814
194,red,0.4544491492285831,119370.95662457916,3581.3377877203598
195,red,2.9881019147732792,5703.369073507663,171.36083424352535
196,green,1.2646830354848142,,90.94931841942076
197,blue,8.433006999206865,1308175.922989809,39245.54634983426
198,blue,2.5508986933104736,23771.34161676849,713.291266476921
199,red,0.9655135173301058,6919.949286978757,207.81778887970933
200,blue,3.5433685344095482,,22.562810842573136
201,green,1.2355262747749327,,2841.959498864527
202,green,0.4941474361847335,89167.53611610642,2675.3359664319164
203,blue,1.9738280784705593,12118.40680027422,363.691680569796
204,green,0.4984127879357224,2429.7402027872417,73.20217433937597
205,,0.7479664905030521,20971.11204382514,629.4483206445642
206,,3.7726689525478254,4139.324399751103,124.55518537158405
207,red,0.9036786240036315,3346.976976208245,100.62738285872743
208,red,0.44791966253714127,17918.240531396186,537.7561743351363
209,blue,0.6285512622464554,2689.7921519562265,80.80633558393173
210,blue,2.778164854901916,36072.92671615591,1082.3433647817753
211,blue,0.5754858298701507,74308.82648057604,2229.376304133879
212,green,0.67917880734429,4108.178844050953,123.55894889767548
213,green,0.6003198156842009,1427.2571569328836,43.12972110430019
214,,1.2019262694506119,500097.91984068573,15003.16163374596
215,red,0.6801174600403187,3359.2046985687525,100.98974330626339
216,blue,0.2015261661962923,5884.720881663408,176.64565697322618
217,blue,0.41181504849432876,33726.337350374604,1011.8983568122079
218,green,0.3934548168390272,73038.26384345481,2191.455784399981
219,,3.4671030329780614,13192.00459584663,396.02947993605846
220,red,2.253927031292879,55358.67498039988,1661.0053279526223
221,green,1.7990511362788988,,296.6648219890521
222,blue,0.6032893676979917,3157.8878157341765,94.84870025937926
223,red,0.44228909837432273,381792.94871555746,11453.997307248694
224,red,0.6019880997912292,,95829.6623608865
225,red,0.3492804483461653,654704.3679105381,19641.338022925112
226,red,,29249.36895697921,877.9240374182887
227,,0.10589347443161867,861879.4784017478,25856.586469921927
228,green,1.7577042164410166,44864.72056890005,1346.27677115133
229,green,0.2767744683832906,,254.69579989134922
230,green,0.9009157873568192,55980.525413644566,1679.733780725084
231,blue,0.3723198648234482,18237.131503118788,547.2213914908601
232,red,,3083.3243629129047,92.70589105083583
233,green,0.3197562472048619,,109.90209727832105
234,red,5.783367663401944,109546.39941988181,3286.707649949722
235,red,0.8754752280312458,548.3622105000717,16.668375819562776
236,red,0.46500729075341835,73737.9949700894,2212.3491492484973
237,red,1.7433123693079866,846.2652074832469,25.622822471883566
238,blue,1.0104030539508968,316.6025210161224,9.61828369156269
239,green,2.0545025681272735,556.8560633743632,17.046771952593442
240,green,0.16133752886053876,1125263.6749248607,33758.2134744964
241,,1.3547323463649477,14876.410807423106,446.4194188696205
242,red,2.165594321337401,26190.875358521997,785.9695726420867
243,red,0.18983532538804865,376438.5472640678,11293.36021462854
244,blue,1.5654843805192582,142679.9796718998,4280.530699844605
245,blue,5.453085377658112,1362.381378630276,41.08050306646144
246,blue,0.985252127701222,125243.19493784632,3757.4155531779434
247,green,2.273694262372708,31836.303254668637,955.4345715253066
248,red,1.9553524339512172,11121.592909559831,333.8868943354739
249,green,0.4928720374722123,23122.97123781748,693.9989945752739
250,red,1.0405680173512541,284823.23571104073,8544.917882691569
251,green,0.2086713587330952,3744.588596774371,112.64183133040581
252,blue,0.6367978395637868,,1473.3440805609591
253,green,,21605.118364789098,648.4796375039167
254,,2.0608128528579237,605.2676574522204,18.29924598062377
255,,1.0249175037939733,4427.071823372832,133.03265305126084
256,red,2.0543997855815856,32416.638582655574,972.7402454753787
257,red,0.3319050938082363,294986.29546316754,8849.795501996901
258,blue,0.9033029630740765,163188.62750745178,4895.776891282814
259,blue,,72723.87462158207,2181.8366279761017
260,blue,6.357220456479697,4313.257412176005,129.62486677440975
261,blue,0.8072138466198303,808089.4053899788,24242.7983059763
262,blue,0.6071273922727349,33876.638813808546,1016.4113069621018
263,blue,1.0215807921670474,2943.2478357837244,88.41786668935507
264,red,0.398872506845103,15278.318919123845,458.55754502385224
265,blue,1.2125842780271525,132256.282155365,3967.812716346511
266,green,0.6941583207947308,22364.608185839057,671.2521287415876
267,green,0.1667386690797097,129797.31185859474,3894.222690531223
268,red,0.9430966107861459,200263.2269480525,6008.115670373791
269,red,0.7279353105049219,,1472.4002964739047
270,red,0.19545535240805254,3962.3586828131824,119.07466959144364
271,green,0.9350697490002317,28880.136700141495,866.7228023992249
272,red,4.434238781232751,24108.78827878633,723.5523331392146
273,red,1.684222020489626,,27231.8725635599
274,blue,1.843981684739375,,25.690991224608
275,red,,16820.52419143081,504.8209548239366
276,green,1.6110697009836035,6848.69160477612,205.7929695373033
277,red,1.1600343089710565,43054.03528869194,1291.8442593469379
278,red,1.6973110072792303,168.15249593875788,5.278521098308322
279,blue,1.5259674795263767,204812.27747940717,6144.498843731806
280,blue,0.2567170622868567,22640.530741114257,679.3210565746734
281,red,0.9594444964267717,550.3737939469665,16.730402708337532
282,red,,,321.1370633425089
283,green,0.95114943490594,74453.10054946976,2233.9120394727906
284,red,0.4076277384220552,913.3363823829596,27.60824402625723
285,green,3.715340640144516,22168.872246902403,665.4404742198749
286,,0.42359715206651977,2657.2650719202315,80.02642410064827
287,red,0.4069999743891213,7244.73253031268,217.5501159088682
288,green,1.0774384372314971,23236.434197456205,697.414574692431
289,green,0.3405820989940887,31789.791879762717,954.0005680348613
290,blue,0.6539899448875139,8591.383003878116,257.8545699152412
291,red,0.4360647238131023,38009.55213374428,1140.4952853068046
292,red,4.100758939969334,113091.80647385486,3393.036209394445
293,red,,12609.067157229623,378.5158981161836
294,green,,385823.58677559684,11575.02648628129
295,red,,410211.57475226227,12306.56076723511
296,red,2.562331572693793,9344.992046835343,280.60100803651414
297,red,1.499608509419268,6150.685924700042,184.75056991118964
298,green,1.6455133537500561,789.7007132290262,24.02393166394578
299,,0.9741478040209317,17100.471867851415,513.1336389916228
300,red,0.18484640762822513,10647.968904615938,319.6427640666307
301,blue,0.8936277455200899,104621.29973804885,3138.7568646963755
302,red,0.5871412139308138,1075.646104935027,32.48112597232943
303,red,1.906092382681108,12647.529979007933,379.6640212178916
304,green,2.7506642638319083,,4587.122890836349
305,blue,0.5179114254097488,5111.6923324290565,153.4611282013799
306,green,1.5974126622820084,4794.750375092518,144.1744595060212
307,blue,5.673912968878304,1219.4062397036496,36.79566545048706
308,,0.512880337850875,4160507.799754309,124815.54425023602
309,blue,5.3758770891229775,4939.669197491562,148.39759346652932
310,green,0.42631113000288134,1634.849999280489,49.35402620101473
311,,1.0232253596360656,4412.952263369485,132.50903240827728
312,blue,0.9889162703714031,4681.668483884761,140.56983284195027
313,blue,,12851.559477769426,385.66701563840985
314,blue,0.4327141018550061,114776.77845901554,3443.412008052503
315,red,0.5536718458397768,12128.989128775516,364.0807473001823
316,green,0.5128764575212172,3478.4893023859013,104.66493660072747
317,blue,1.3867496054020778,1208.7269818121463,36.38954444647243
318,blue,1.3910169724860324,23010.702584497816,690.4488978743841
319,red,9.262225288661282,23982.463339598587,719.8591446937307
320,green,3.93924470734978,470647.50795357407,14119.80402350137
321,red,0.6005897185934359,26499.87966285377,795.2084016799851
322,blue,1.3838502020106984,18069.548144439086,542.2141213372128
323,blue,2.7104589662503358,2693.7574697062755,80.96693327051327
324,blue,1.0310748732206971,11945.32001135384,358.4802218380796
325,blue,0.9327280698445594,9164.119502614407,275.0422396398291
326,,1.0529280926831244,10505.68345330187,315.2915621609098
327,red,2.380419252800352,3234.0458409223356,97.26898361272607
328,blue,0.4281333687098446,64644.558144123934,1939.4453069910921
329,green,0.7220438059851856,16566.024581030902,497.2951783070468
330,green,,14754.347144248282,442.9624280748999
331,green,,714.7320862305191,21.769270577236313
332,blue,1.270718844783435,59117.84921968584,1773.660890967471
333,blue,0.6908716855523455,58339.26541879267,1750.2917799974912
334,green,2.64464221873655,4112.314116083579,123.7223163268821
335,blue,8.44748063495824,159570.76455817572,4787.391886357971
336,green,1.5014262559912646,1437.2452503733841,43.44738603632135
337,green,0.8243362997672854,21083.798531677687,632.8304426763259
338,blue,2.129187153676796,,384.29040238654693
339,red,0.583253926060041,,47.63396236909229
340,red,0.472512846195348,32189.810075283473,965.9037525154281
341,red,1.0333528891354558,663404.5768047542,19902.357971200407
342,blue,0.07556238798904251,25216.869146859295,756.6075856535385
343,blue,0.31538840636178295,8725.076297939431,261.85859670631015
344,red,0.7061258102194925,53854.880710579346,1615.8605438335849
345,blue,0.2583632191004348,27212.725467150405,816.4869312788942
346,blue,0.3560646007213215,23284.05948742173,698.6289059146663
347,red,0.6461340186808127,,282.34002226227346
348,green,0.19340568651401166,378492.3417829974,11355.074121603653
349,green,0.6662623305642517,,1646.4210568459325
350,blue,0.585511084446367,7651.512977704335,229.65709955281898
351,green,1.0257306709951306,17747.364880358713,532.7414610241813
352,red,3.1714345675625815,,150.42452516271646
353,red,1.1882770686205957,6525.14007789447,195.9779678782065
354,green,1.021285391163897,6115.2966060854405,183.77932389038648
355,red,1.1045681642804264,2278.737436289325,68.58421445196537
356,green,,104250.70763835621,3127.8463356073003
357,green,0.3617728867873424,12306.92109123476,369.51486819477856
358,red,0.8915664342988188,66719.67438190177,2001.808062785739
359,,1.3617235885088574,5766.082606308866,173.30971266103614
360,blue,,19521.564615067735,585.7520167303534
361,blue,2.3765572879909227,5313.036553389533,159.53862774744582
362,green,2.9487343207076915,92905.3341248682,2787.5189984324597
363,red,0.5318594647991011,13402.028922308536,402.2715048585521
364,red,0.7855762206318795,5106.414778736421,153.40815488650526
365,green,0.4155342061476489,825.9989830785347,25.088280176478992
366,green,2.012505540978065,38228.36654311685,1147.191246404325
367,red,0.34603260043728734,5341.329629901075,160.44680954904098
368,,0.8005334106073219,21342.199006146184,640.3819808525976
369,green,0.4236193832981016,8238.221679134425,247.45512276169873
370,blue,1.0522747790354066,148505.78041153614,4455.2944578416655
371,green,0.1662555408650926,65400.78266418866,1962.3268050364773
372,blue,3.76768834522448,53875.126471905634,1616.4291479240737
373,green,0.38113317501595806,6423.752666156165,193.0202026481853
374,red,1.061724723117804,55970.50234503636,1679.336304845553
375,green,0.8085416834493777,679874.3069540154,20396.54537945413
376,red,0.4666785855435902,4169.819096426413,125.30390646450326
377,blue,0.41156836497557914,,932.8425324187963
378,red,2.550778338936821,813.6790909965902,24.661388296676442
379,,0.5911765394302614,361177.2753567512,10835.530084233325
380,green,1.3114982482470394,9938.54392814448,298.4825478092994
381,,0.4486568733005228,105362.04666598761,3161.1703731170946
382,blue,0.5235192739620522,,21.162260577152686
383,red,1.6035936630690208,802172.3582154746,24065.4028183375
384,blue,,10788.725621929183,323.81247955240065
385,blue,,65598.92889246118,1968.084650602968
386,blue,0.24125040219366367,29781.313518368734,893.5442305591059
387,green,7.373968881328856,13214.347202868956,396.87789546369527
388,blue,0.42462480648449524,641512.9214032519,19245.496134593686
389,red,0.21404106289686436,,24.67187829091472
390,blue,13.388881018549672,40031.71604271725,1201.3192589018886
391,green,0.6676225608173345,136119.8932608766,4083.910150277514
392,red,0.23183423007227585,20749.714296636692,622.6960655837022
393,,0.5048773417721307,17390.13605847474,521.8141793010777
394,red,,,496.9688480040823
395,green,1.2096264072482668,1890.7467941284046,57.0465963519971
396,blue,0.42667648586573065,,713.2621662540802
397,blue,6.188691036559677,61416.57611162479,1842.721057169475
398,blue,0.593582138331626,25265.584569012804,758.0794087131508
399,green,0.30584201830061325,12777.585699841156,383.6336878356007
400,red,2.6135080477363357,,248.39201083475018
401,,3.7775016295191297,12599.42757614959,378.15837731707813
402,blue,0.4415371587872614,272525.7638874237,8175.881747365886
403,blue,0.24626494927931727,339.2475378830399,10.282351435476782
404,blue,2.802293719634716,23864.395833087492,716.0879208670175
405,red,0.1290799094814444,11435.641052064684,343.2718131601302
406,green,0.293281711438711,404989.29096351616,12149.984594539714
407,green,2.6312161402447827,24611.877999288412,738.7089643014573
408,red,0.9461515252988109,429274.21838447766,12878.445474564833
409,blue,0.7680216557870001,314.8889269887071,9.562028242776954
410,red,1.4230701376796588,,1656.9764424549578
411,red,0.8583233175061138,38565.5905005113,1157.1848814816892
412,red,0.2728899381181838,355424.43083849124,10662.938382953498
413,red,3.5825518222618977,826.5850223720932,25.069201707608034
414,red,3.762238224936369,16154.08735720912,484.8978654807723
415,red,1.2279333632251652,25137.612854860417,754.352944313077
416,green,1.0461680531780784,8171.510143914108,245.46622767848683
417,green,10.377342315863826,250986.74990210545,7530.110043909481
418,red,0.758484553439579,11188.431583044989,335.8681171824184
419,red,0.7713778236286523,1289190.5361708072,38675.93151268069
420,red,1.4397669342027692,181381.1356012957,5441.662863377555
421,green,4.354988441139273,147512.3815583663,4425.758546519812
422,blue,4.917354852965432,67413.32399721078,2022.598067013383
423,blue,0.772152946249233,2624.4032555129606,78.8475407243138
424,blue,1.3611517903005557,9300.35011287549,279.1377264220707
425,red,0.2520611739743804,69251.6834647528,2077.7555451660637
426,blue,0.7319990170012364,85401.08351072861,2562.1471453021986
427,red,0.4315851748459187,,9025.714132873938
428,blue,0.36537474542569437,,259.55628983397526
429,green,5.3740226034893634,3942.9846076346657,118.69701868110977
430,green,0.45280819135605394,122787.24062247775,3683.92627483816
431,red,0.5876604828244505,4362.265658941452,131.07972297790005
432,blue,,126326.31909010078,3789.918407447385
433,blue,3.661325597588659,242673.5377054392,7280.379357675129
434,blue,1.6178775345785024,54847.18110883554,1645.5477908157577
435,blue,15.78965713577869,10773.470285850113,323.61990171821896
436,,0.9280515684855264,23912.68743980448,717.4991842255041
437,,1.2952664672875538,72180.97884031705,2165.7552705388575
438,red,1.3173217181490018,22479.76920838807,674.619422686005
439,blue,4.199852420892164,1787972.1836305703,53639.349505965525
440,green,1.6606995862848815,3037.09923164788,91.4461909411621
441,,0.890270704283882,2965.0904748821367,89.07051966054976
442,green,0.38771350747004435,3121.937952283887,93.96589283866602
443,red,1.2769104585090512,6773.953405417011,203.4441403716805
444,,4.060657195358595,,8.643158225640427
445,blue,0.663396921042571,6252.265431657706,187.68123088815207
446,green,1.6971385354375415,5963.605913448921,179.2421201741764
447,red,1.2790885943949872,25771.591261636135,773.373319620972
448,green,2.371492866647379,50797.43633324697,1524.2705198547421
449,green,0.44719803970460725,1843.7693725606318,55.62202513761306
450,red,10.450470805214806,133266.809681576,3998.413299863385
451,blue,0.27827064185097133,809752.9333631663,24292.693566307826
452,blue,0.6938141914497993,14522.141936831085,435.77813438876154
453,green,2.5551030126502727,513365.05278439674,15401.302685592154
454,,1.3454562468130515,32793.28306542728,984.0254010877546
455,red,,1175805.3055043393,35274.405030870155
456,blue,0.6088993267914269,205780.82630025625,6173.536966994225
457,blue,0.927924430019591,965.0604388597216,29.070371654392037
458,green,1.012307100313549,22862.533119180804,686.1962397174303
459,,4.803090738428107,,5443.230864761814
460,red,1.9945710693295053,23414.087780224934,702.6625248281347
461,green,2.218146879573236,20460.120689890886,614.147983634318
462,green,0.5179243486130718,279156.96484870726,8375.01930394819
463,red,2.634998568061615,5325.658451024423,160.02245350209392
464,blue,1.2530513585840817,22811.754413717466,684.4776934386956
465,blue,4.01142008957521,42076.78865296734,1262.4838879908118
466,red,7.493681171157418,11298.418953511433,339.3024422287661
467,blue,0.7358229280945257,21157.3320249411,634.8346772067948
468,blue,0.6661082191371687,103781.86530935466,3113.569281445022
469,green,0.4214538526759281,,1570.7582158141988
470,blue,0.8662519202719541,4370.203856301868,131.22344072746145
471,blue,0.6824776846436508,2420.5547499612844,72.73029205253141
472,red,1.4326192318855557,4545.0574167800905,136.5803748880404
473,red,0.8653970872914432,22081.53265217657,662.663287507043
474,red,,15996.42317208658,480.10662639134694
475,red,2.8996357803663573,4171.725480773035,125.40975713879838
476,red,0.39145675432319954,6658.830150097007,199.97273363799667
477,,,1053.5507761011136,31.837364136635056
478,green,0.6663489963230078,50802.833340709454,1524.3983272012101
479,blue,2.0634276439384083,20332.22915777255,610.1081432860552
480,green,3.9958708750862364,1772.994693623282,53.56975822620019
481,blue,0.7385265300452505,23324.06661422094,699.8367689572292
482,,1.5543118496653412,322947.1675988509,9688.64611420252
483,blue,1.1957730329435656,5014.697071421822,150.56482760331355
484,,0.4495885716997072,305674.2683462296,9170.537042158323
485,blue,1.2722506657115178,11534.35272500708,346.15602676352665
486,blue,1.335252623823666,32717.20403131194,981.6428259918347
487,red,1.5111498036675015,,803.7033241520019
488,green,0.8200426754715566,363322.7483061466,10899.998850037908
489,red,1.0987710196103755,,907.3737710665481
490,red,0.31739413642138226,2244.4082093916595,67.53859416447821
491,red,0.6989933324584605,1600.4806335992764,48.228398874627466
492,blue,1.7436187234487024,,30.937499906418495
493,blue,,717.7057540934851,21.679995849714043
494,green,0.6555276309909567,24155.566222128127,724.9800972164636
495,blue,,3239.7486854112917,97.31466842284324
496,blue,1.2561523081240762,18739.273245411245,562.3033204084999
497,green,1.2232117073909508,5389.899014531613,162.0214346700962
498,red,1.7173348534598518,4714.656777086415,141.67405000966164
499,green,0.1623375238899712,8419.530269875982,252.88915484675726
500,green,,89964.56137672595,2699.2558787539024
501,blue,,141250.51507311716,4237.640852617718
502,green,0.3677579326541724,46274.44321590364,1388.5406516357623
503,green,5.333382791904197,3042.256841081353,91.67437288827867
504,blue,1.1753421153752404,79798.70465452177,2394.0846464779606
505,green,4.775051432261517,87360.04736984872,2621.196922124107
506,red,0.4536074866098128,38150.510088453746,1144.7243748033447
507,blue,0.4036124589115569,6586.379792808281,197.69946603342666
508,red,1.2513866055660663,90918.53372387195,2727.78103944827
509,green,,51309.80530033169,1539.5978913817803
510,red,1.2398192348284498,43.21928539445617,1.5213749465302542
511,red,1.102101963158767,79929.80306887002,2398.116134105364
512,blue,2.7611997616944173,479.39009391339977,14.536926812635881
513,,2.0158508032882665,83043.77465097157,2491.553556545213
514,red,0.658706411455018,16185.243372275658,485.77047529649883
515,red,0.3337054188162845,239719.16264182903,7191.781553363247
516,,5.541721659499608,18100.187523020824,543.4164601238147
517,blue,,3739.7404136613145,112.30127012821116
518,red,,16404.19987284169,492.3330263329572
519,,0.33795042716039436,183434.43677763248,5503.2398623375175
520,blue,3.0566065057509793,23213.591710990542,696.5688834598312
521,red,0.5951747587212893,17524.053120957717,525.9334971239059
522,green,0.47061992398254676,97451.20118399314,2923.8454479182737
523,blue,,,1006.54906880295
524,red,0.8130646026336222,,653.2228969401093
525,green,0.5075827836957016,338446.10340355214,10153.693253762238
526,red,2.1254668385515365,493969.01133835106,14819.312849487304
527,green,,75105.75399979703,2253.5306550803152
528,red,,12432.654244031562,373.2332005659194
529,green,2.153123696156846,439688.58196270256,13191.000521355
530,red,1.4957466762109108,234741.24811808122,7042.467358475961
531,green,0.1693330150055817,92762.18356707697,2783.168893672609
532,green,5.30818944540702,1934.9694911814227,58.45524852435083
533,,1.3525466331361882,29183.063609665278,875.8189592226211
534,green,1.8370415559224025,4977.363691336099,149.6576515712014
535,blue,3.0494532826064913,16026.125236519967,480.9447461612511
536,green,4.192731802047058,35600.460729399354,1068.3976765180216
537,green,1.5195253423327735,26911.764612760904,807.6833288896737
538,green,1.5458070853528783,8515.555155605298,255.79757080986602
539,green,,,8428.604499982488
540,blue,1.0336433057420558,740.8050248671047,22.344823612127986
541,red,,94879.89070092888,2846.6052338287145
542,blue,0.4867812029347603,536.482239322089,16.204202803721365
543,green,0.4091905240977412,47344.04255313462,1420.6294604045206
544,blue,,3737.5714980621,112.24425571687206
545,blue,2.85506094008874,127593.85819483451,3827.972847063837
546,green,23.83070257069478,26184.03225436578,786.2975816823872
547,red,,,1084.703057175824
548,green,0.2596519787834918,,86.52357920831952
549,,,5948.293971846966,178.81967982886374
550,red,0.740237738248499,33337.38726382158,1000.3364226694124
551,red,0.5165368775805242,70766.41861545373,2123.2028892011635
552,green,1.2334923781478337,7711262.523247796,231338.20036728145
553,red,0.289203525121148,34396.725373754656,1032.1075452831421
554,green,1.2491498051316923,155138.7335497196,4654.486989487691
555,,0.9154170518303899,978.6089602263695,29.57657714782769
556,green,1.10337968103116,1541.045370808021,46.55342871786125
557,blue,1.4643570233392338,10818.47338820621,324.6834887866531
558,red,1.0698219761918926,,60.47646602948134
559,red,1.016472280450025,430541.2886875105,12916.458990070925
560,,1.3288508138596549,9696.910556591629,291.23389371402607
561,,,349536.6771018742,10486.4306126074
562,blue,0.35647810401911195,,12926.249122819589
563,green,0.23931101412746175,,720.1250465736532
564,red,0.9402231369330208,60090.04748838284,1802.920229114224
565,green,0.2386551896429406,19688.717862123878,590.9663089675091
566,blue,,64658.44490882187,1939.8751767969295
567,red,2.5567754525175217,,1737.6177506730203
568,green,,17200.620680326258,516.3553228757586
569,blue,0.3505785788785626,,1814.2746962855617
570,green,0.4230510371735419,692035.5120915987,20761.373823768703
571,red,1.388607289702175,91677.51802434983,2750.553312876289
572,green,0.6694506655040826,42260.1240802416,1268.117111420558
573,red,0.7285818576163453,28269.507863127496,848.2998075309771
574,blue,1.8164907514388318,2906.3513808565126,87.32687124072416
575,blue,0.37258626150650576,2822.578889484258,84.78481840975786
576,red,0.6694929059752319,42054.13782094613,1261.8375244865033
577,blue,0.44929190675175745,1423.9895477840405,42.82867227165625
578,green,0.35235027524667833,4756.868259756346,143.0130947981953
579,blue,,285792.89402869454,8573.895308866639
580,red,1.9688747159044495,1013033.0353750944,30391.23043874715
581,,,786.8895113724892,23.927749072417495
582,blue,0.41513121465463715,,17098.526365752594
583,green,0.7936588201758178,14430.848026103733,433.24131395951554
584,,0.19421153893052626,21375.267876006645,641.3619205109779
585,blue,0.4803151598173521,17556.450982677274,526.8031357835146
586,red,8.581206616168448,191202.48073122662,5736.4460460691225
587,,0.9137083506273617,884.1677808001419,26.643307591016807
588,red,2.0785258719153,54848.34119691169,1645.6918064247889
589,blue,0.9366099346515088,3328.4419986742105,99.97199215891935
590,green,1.416471946429257,68980.35678426699,2069.739032966938
591,blue,,481948.5654172289,14458.595784643698
592,,0.33133789366018246,22008.089013084256,660.5492971504008
593,red,,46551.29826205777,1396.7583386091742
594,blue,4.84944950515949,49966.2749821403,1499.1852384543122
595,green,0.4513552524738682,4450.683685983825,133.82953768456423
596,blue,0.5675423801524175,452833.0075598104,13585.101577641917
597,,0.7351422380269457,668596.8185104682,20058.219258158806
598,,1.3086866449115206,89640.87993917157,2689.3525719080453
599,green,1.6903200059545835,25503.497127933813,765.4387202381336
600,,3.5516477645203195,8744.781218916445,262.7144695227837
601,,1.6478942050612624,6291.907442363636,188.8901811550103
602,blue,0.9398329560887037,674463.7199332918,20234.030394657875
603,green,3.5224864906047624,372812.19958172255,11184.736437181487
604,red,2.02204832949813,,582.0360071088518
605,red,0.22409627591882111,934.6189822845953,28.243051394056234
606,red,12.507997507911377,76.39950829191201,2.742145198915588
607,red,5.870391861153071,2522.8555140223903,76.00307325789477
608,blue,0.8451727600428838,16962.481406848,508.9913456606409
609,green,1.4592317545811864,362716.9543054133,10881.83781379749
610,,3.75977362696831,5983.060958072569,179.76702421471643
611,red,0.8418101268717992,,1813.8239385781912
612,red,2.075810729480825,298451.26235665515,8953.779386914242
613,red,3.017952054096377,,854.7588498556781
614,green,0.36246552678473026,16565.943365318013,497.28555027007604
615,blue,0.5475333786479016,1607.5603071544144,48.33775988220539
616,green,2.512826958890993,1988.3280398546838,60.000097734818326
617,red,1.5853647026159685,50624.92226146423,1518.9793751379789
618,red,2.5188351694476823,14738.006812954543,442.3905810920253
619,red,0.8758433618973639,,844.5148626549282
620,red,0.7490083023445164,20039.178645542805,601.3903395323309
621,green,0.13551953550532114,83140.57249658444,2494.519885288243
622,blue,0.3179057173423799,4585.365862982105,137.66733400381
623,red,1.0481912866353185,11258.050062294855,337.9624656945783
624,green,2.2808706168231723,977119.7154718104,29313.937081566648
625,,1.700935453585147,4448.969268293475,133.70309675787593
626,red,0.8796405032349642,12542.136047534703,376.48167423610573
627,red,0.7620283140112789,6776.5716455131205,203.51238993167385
628,green,1.2425672877315912,53613.85083699753,1608.7403764556805
629,,1.0813509954432474,,5106.403229473481
630,green,4.073674896100672,8132.118631128142,244.34503243176627
631,green,1.1577063583937857,9294.436903975135,279.15626124642193
632,green,0.22735423705089858,,378.5256269705068
633,,0.2801141346742471,,1906.9682152358107
634,green,4.566556121780418,5020.121396582865,150.99497301992153
635,blue,0.3100069812949974,10384.608822562916,311.6444648165134
636,red,2.1479146753738063,191.63878212382178,5.9921217572221295
637,red,0.7646227261692228,1389.237036760342,41.89240355733366
638,green,0.8438687601730236,17590.46878378911,528.0309408888768
639,green,0.874473941823046,132684.35905345267,3980.8482610824167
640,green,3.3918821013172065,39741.51215555616,1192.6132023087112
641,red,0.8246123939675079,2446.620801210282,73.61511628418782
642,red,0.9672296904358662,1338.7445941145274,40.38168241724454
643,red,0.21636175135029115,,937.3158427153579
644,green,1.2296019654750623,807.8631824192386,24.56048751188666
645,green,1.700704380943925,185693.665898295,5571.143991036469
646,red,1.27016343434793,25029.048849902145,751.0968687657513
647,green,4.046677852168527,884.7982753175032,26.92488181656847
648,blue,1.05672167347253,3191.0084754285695,95.85138869632654
649,red,1.348479223175127,5173.875819238922,155.44324416163118
650,red,5.199196062492274,4692.00361180801,141.06409227549014
651,green,0.21224496218559297,1118.9365267995233,33.87234070322941
652,blue,0.6339245437472872,3830.2101726028163,115.01898366895945
653,red,4.162678561396452,5603.781337655748,168.39669370090039
654,blue,2.5500912639420257,5310.432116405465,159.46396531744278
655,blue,1.9706828338117033,,6306.76066371443
656,green,2.2994057947872695,27164.21077772294,815.2723114475839
657,red,1.38689329912683,3021.430171897188,90.87064302289818
658,blue,5.112034303971475,11279.664572075217,338.592177848336
659,red,1.4590115264228416,3792.8985905255113,114.0161379462938
660,green,1.2710802200288636,,362.9720137429074
661,red,1.1722894997910915,126882.69869195964,3806.704406548785
662,green,1.2127177987705933,36480.80683839507,1094.7484595078274
663,red,0.31442261799849947,2129083.92508944,63872.72404113556
664,red,2.161220383401124,46716.60049770033,1401.741239338678
665,,0.8777093875789704,3543.2900956395038,106.61625705693669
666,blue,6.183689487977564,111244.02176367735,3337.5443267000796
667,blue,0.927140212704241,190968.24454606036,5729.165879186065
668,red,1.5233597907214458,196483.54825393984,5894.73691481401
669,red,1.279669941223689,2468.875576854675,74.29186070446472
670,,0.5349633521378883,16394.893132681704,492.0574932474938
671,blue,2.696991327435326,211847.91489828736,6355.59138677517
672,green,6.719835268106853,757.8928995971911,23.17118369327787
673,green,0.9853314276239586,8112.541511310981,243.6959519678819
674,green,0.7404636124936558,1269.177877322217,38.39014559191639
675,blue,0.7011532980449461,3411.3368794470334,102.4541294493719
676,,0.1507154143891532,2907.6070273924765,87.53122513006208
677,blue,0.8370988260627608,268643.27548717934,8059.415006591901
678,red,1.2853076628199764,,413.60519607523696
679,green,2.871280005176129,3917.8128761338835,117.89181188412003
680,green,2.6118211617923808,2776.061671202609,83.63408655931411
681,blue,0.659351117791554,29241.21102538976,877.3495177840487
682,red,0.7581886885941209,21541.33109698938,646.4550966834532
683,green,3.076846797751799,323886.6051292897,9716.959690814645
684,blue,0.8407475040598298,59876.14104883064,1796.4010464150006
685,blue,0.6004778405816116,1256.900996645591,37.81903945617936
686,green,4.0249739928030985,6260.645569013174,188.19986655025133
687,red,2.8223945816189726,187239.7245192236,5617.44818346834
688,green,1.0189694687042086,6360.324039207724,191.13010056560583
689,blue,0.552237292268026,707253.4377268344,21217.71417655088
690,blue,,2448.9659111327833,73.57165207338154
691,blue,1.8034538025203224,69232.5707244386,2077.1131908092084
692,red,0.40804830272555526,3934.617270415932,118.24667907853247
693,blue,0.14047411962389644,7949.066140201304,238.5747936884316
694,red,4.8784157577314575,198226.0443158185,5947.07889778971
695,blue,1.9116520025126997,17083.454044429494,512.6418543729351
696,red,0.3201363778754139,112072.86176440006,3362.39225565956
697,green,0.2968876831372533,56759.66276461884,1703.0958206922282
698,red,,99481.93681559245,2984.7058886206964
699,green,0.4156255199622244,3727.986586767709,112.14791011343051
700,red,3.6551965504466835,14141.248110040755,424.5105472322316
701,green,1.852357797254695,51457.177515241456,1544.0523726131887
702,red,,4031.3405996070996,121.17442151612673
703,green,1.498845965418968,573205.7959574405,17196.503855642524
704,blue,1.2110053374372927,4654.286564107204,139.75281702996486
705,green,2.4121324714306107,12088.29425175447,362.99707020206273
706,red,0.6350316984505369,2942.108765544395,88.47596360030086
707,blue,1.0897539899068212,302.89429083995356,9.208623804996742
708,blue,2.121124956233434,801176.8956288351,24035.449291364177
709,green,1.755914350332212,14637.208984332563,439.45138781698347
710,green,0.3027079483058444,8992.717149907081,270.0875686561785
711,blue,,14802.774030153672,444.19534654930663
712,green,1.2876302396110066,,11307.243948312062
713,blue,0.6649690976934783,3196.4202280686163,96.00590622401236
714,blue,,85745.229560244,2572.5748521451987
715,green,0.674925344643724,9437.283971904328,283.43201766402274
716,green,0.8502554480097538,6678.5641039314405,200.6739282269034
717,red,2.1585359224097096,68467.63460265128,2054.2722087979864
718,green,1.3917093547483161,158971.6474671825,4769.477258202571
719,blue,,7880.874071188972,236.5435178339509
720,blue,0.46930916425184344,4732.939184862695,142.09756172916588
721,red,1.3519041192571257,2125.598110151864,63.99498138694106
722,red,2.8266618026635237,200187.06501410235,6005.868483659124
723,blue,1.614612878293824,6970.819069355467,209.25686433822986
724,red,0.45923945272420347,545.519496614397,16.574769687486395
725,blue,,369499.35611795296,11085.194263515426
726,green,0.23537438848923037,1422.6562418880615,42.98439474441163
727,blue,0.2054226650216791,104706.98012721399,3141.31351226972
728,red,2.613152180112985,31788.418150843292,953.904807568901
729,,1.2533757090854978,39176.441557080674,1175.618314226602
730,blue,,6844.833748296152,205.4565572328155
731,blue,0.333347187325485,45760.79139838571,1372.9304088953174
732,red,10.183816465862392,784.0244563842392,23.924410020844427
733,red,1.1242215854875754,71401.59574728101,2142.27035685014
734,blue,1.706084827459209,495845.7071724394,14875.50533686973
735,green,1.3742183506717218,,3872.2115163590743
736,red,1.5446663892276953,387.96682338456714,11.869898029321568
737,green,1.7161689647496572,3076.6050005025018,92.63247339437004
738,,2.080116724641663,15129.627039021505,454.130413505138
739,,0.6871364421286918,58330.16274863727,1750.2186251879605
740,blue,0.7470359371650306,17795.38890926364,533.9766079966524
741,green,0.17534096866198234,8213.802301769367,246.71757587245426
742,blue,0.4582664907715936,72446.28106566229,2173.497597299684
743,green,,226002.9954680365,6780.416092500814
744,blue,2.8434649902984517,13841.297650169787,415.3957988048996
745,blue,1.8203695435352856,94642.29373402287,2839.4052194115566
746,green,0.7112777034877996,126.70968307464108,4.115516046308988
747,,0.28275544352733684,3377.804522197345,101.53979077479089
748,blue,0.06220255857557687,11585.1817586936,347.6566968119795
749,green,3.163673887113091,8290.516568989704,249.07877054743338
750,blue,0.5547548433543806,42855.80703049959,1285.7853060118548
751,blue,0.6386076584547591,167292.84105518856,5018.898003808826
752,green,1.1406222740456402,60678.09580618097,1820.6656866309102
753,blue,0.24522967774578827,6345.803812297112,190.4790189624683
754,red,0.7048416015181718,1047.8165679629317,31.64859387091831
755,green,7.56454310693457,67099.25641520601,2013.4289833183188
756,blue,1.6576267961399638,557.6025990987952,16.861230508886656
757,,1.432253612435397,81314.08817531925,2439.751290331826
758,green,0.20546193815693264,15109.84558373724,453.59947675088034
759,red,9.427226082614613,2097.1404894916104,63.30275920640061
760,green,0.24103939150342282,39124.90989879422,1174.0521177516566
761,green,6.8368339758134455,21900.128747793635,657.4405991133253
762,green,,20471.836968353542,614.4575215812552
763,green,4.077016368728398,18611.84354782584,558.7368467621498
764,green,5.04326792105884,50972.83979712927,1529.5860592722995
765,blue,0.4384940126926213,139925.8675597219,4197.88479667191
766,green,1.525893854232426,59470.18639515442,1784.4361097317174
767,blue,1.7288917081741144,166752.57061559442,5002.711696301996
768,blue,0.4431732582596321,20165.339883877223,605.0690599814818
769,red,0.23477736174379368,,16820.823979265846
770,red,0.26774577668230154,69024.69680568147,2070.946259085978
771,green,,7425.029529013051,223.0852406273318
772,red,,2470.584117622245,74.33589165083144
773,blue,0.5687575504422944,,997.395500994302
774,green,2.6294324151434987,1614.7847647180963,48.796131589845764
775,red,1.662076807711306,3143.990289259801,94.55295021394826
776,blue,0.4697931787375377,35531.47352119693,1066.0536014994827
777,red,0.30083253866081755,6530.41065304332,196.11833624207281
778,green,1.6875229415893995,3406.250889489851,102.52127714352731
779,,0.5841582431512257,20558.914219175575,616.9791097401302
780,green,1.104292504545628,25472.52751946306,764.4979114339826
781,,4.837020696536376,14593.506515691759,438.20193588468356
782,,1.6525643617179524,10351.701298806458,310.7840902514281
783,green,0.4222038605362079,121696.49246782374,3651.203218111923
784,green,1.1742870410026809,43689.134100225754,1310.9975087475927
785,green,,14088.973872781464,422.97693057270953
786,green,4.995423313458145,3043880.8877705024,91316.82654158134
787,red,0.5703079792465456,32456.74224379507,973.9136734734369
788,green,1.2303156309250092,211929.77893678856,6358.217974416275
789,green,1.360337151690801,7172.704030983149,215.50832767252828
790,green,1.1726316170356852,1442.4785172984584,43.597808151294466
791,green,0.14106296117184908,4520.993134498099,135.9326152941664
792,blue,0.23541130422005072,12887.07864851056,386.71706768140115
793,red,0.636131309439678,8158.238711984935,244.95988398573684
794,red,1.3763455484775693,318944.49336796725,9568.562327949989
795,,0.8712910391256151,17325.206718796464,519.8736273846764
796,red,0.3839866574772691,,1663.2099719629932
797,blue,0.2596490625535709,20071.128891854376,602.2390597368824
798,red,,,277.8556418540085
799,red,0.6259554699485308,23765.54274791483,713.1788015468439
800,,,678814.34129435,20364.76363925906
801,,0.721575356392028,4741.471533080028,142.35857749952868
802,blue,1.8270591574518567,102127.86658244385,3063.972538656465
803,red,0.5517557736111136,2829.868425353295,85.10708787607108
804,blue,0.7741747395236557,8784.526631622617,263.651282443469
805,green,0.7060661283602744,22184.883486819224,665.860625927144
806,red,0.457322262553436,42308.791463414396,1269.472890347683
807,red,1.8684676499872261,427734.20100041246,12832.263399365374
808,green,0.4432612307379665,19927.076560445174,598.12116203797
809,blue,,,122.37932471777818
810,blue,0.929489613706463,80828.42248648599,2424.971264386854
811,red,0.27324685654154196,10632.391071028222,319.1771970679775
812,red,0.7225743495629686,35502.668507495626,1065.29450671186
813,green,0.4910023526050467,17458.03222102434,524.0507866777823
814,blue,0.6783077452452287,451.7307413837471,13.665488396417318
815,blue,,60876.24860794093,1826.4062948850392
816,blue,0.4493677774182118,,2122.2443692235074
817,,0.8024579855363434,140534.67530322546,4216.356308256474
818,,3.701243159794725,806876.1976756379,24206.659955132334
819,red,0.9745313811399051,2017.8592537662885,60.75526824061146
820,red,3.143265328184234,61883.87281146538,1856.779049650525
821,red,1.4141016342411978,49940.62073049812,1498.4469039476287
822,red,2.168770917924047,9526.531880230443,286.03933182527174
823,blue,0.4609531035714521,48737.91132716497,1462.2465588770203
824,blue,1.110607502417255,59831.88011787857,1795.0786156864053
825,blue,1.1432932603231742,1924.9058569502954,57.870041573715326
826,blue,0.5419260430040648,36042.19168897303,1081.376589190051
827,,,3512.317615885291,105.67831223117666
828,green,0.22531285229790243,5980.664733043881,179.7244482483624
829,blue,4.464421474495171,633.0252872589833,19.180047047259404
830,red,0.37817323702085137,8546.508782376972,256.60282693604955
831,blue,3.842876109977973,14659.716795173379,439.9683613774009
832,red,0.6265710058875903,66152.22036529951,1984.7791423791032
833,green,0.422108326624671,22066.145901358996,662.2928192073024
834,green,1.8636168457985345,1007.6978970474603,30.56820924833978
835,red,0.5319573607882483,123537.01586787509,3706.321115183469
836,blue,1.765544107221744,17375.67907113085,521.4056830160699
837,blue,0.7169051281983939,58497.61018571812,1755.0426436741077
838,red,1.6167605651291264,152035.94268675492,4561.310615813951
839,blue,0.37977129454630254,378968.9285317911,11369.175451379624
840,blue,2.296419240866256,1112871.287292779,33386.28454716819
841,green,,,572.2328286492105
842,red,0.39865827206174975,41037.80082146757,1231.3419978094685
843,blue,14.05440290928684,2548.544824906499,76.8374328053807
844,,1.7162179893191756,184093.7357081444,5523.146395604119
845,blue,,,62.08299861679098
846,,4.954359116990225,,18.065788617761754
847,red,0.8279232846999962,115933.49777868943,3478.2214918263767
848,blue,0.6621443108347004,7758.986120794062,232.88282651003854
849,green,0.6680052919334544,104319.60207462279,3129.9014223445224
850,blue,0.16040898796456432,49818.87955463013,1494.6695948186634
851,red,0.4986578352416536,845.5562526598055,25.576660736498997
852,blue,1.2798796166033652,95.6447944352194,2.9949414253886486
853,blue,4.599545806417391,2457.246039820025,73.9093721107291
854,red,0.4617314273684541,22765.07799741378,683.1615745509608
855,blue,,1913.037038277151,57.53942840958026
856,blue,0.28576275467986306,5969.850124529407,179.20121899097583
857,red,0.5563709531849829,,35.925765730748324
858,blue,0.6327748582412114,30938.47764919611,928.2669849730481
859,green,1.4503589557677072,26414.063458889796,792.7509109458092
860,blue,1.5798179939812356,8410.319577138143,252.44118367402393
861,blue,2.6178195666591813,360097.6784393692,10803.082709572409
862,red,2.1615746492954053,440396.1997204442,13212.129223106313
863,red,1.2752831283412216,68222.82089394043,2046.9101324807798
864,,1.4775199068026268,602.120527502033,18.293166223197044
865,red,4.89654909705415,2417.8154517761227,72.83239453522475
866,blue,0.5999396685536761,,1491.8583566071372
867,green,2.1700024987885413,6265.945912113191,188.32177741337148
868,green,,8315.00619425595,249.7534649911381
869,green,1.5088295878589417,132977.44271542158,3989.653458054405
870,red,0.6167758923829468,61190.647842045,1835.9317707791977
871,,1.0025744907558856,305073.76158955705,9152.332899176527
872,blue,2.829461030847357,9335.51671337606,280.22209062189876
873,blue,1.178973104924769,344707.2692442804,10341.341656790511
874,,2.4234388435204512,7271.642735225127,218.4977508336242
875,green,4.365640068745618,441963.6775867422,13259.297640403642
876,red,1.4756432093367748,27218.965959826055,816.7984916589684
877,green,3.2253486877008632,,118.56976740318349
878,green,0.7214003843861826,843.5009132637736,25.619455405600934
879,green,0.9918237267755007,12052.837281841084,361.904954929768
880,green,0.5929652889223995,,396.1386453916057
881,blue,2.8376538302624237,122433.56315380249,3673.16364769068
882,green,1.5129953384350814,17655.788949329853,530.0039283866643
883,green,0.6021585706911987,9275.539406717882,278.57822537295027
884,green,1.1672713360979452,189866.21012964073,5696.309649315943
885,green,2.8336578082176276,14049.567304567125,421.84369229317804
886,green,0.961493003108567,6957.088644032827,209.031889181047
887,green,0.3871539695853067,69509.43895164687,2085.5909116287976
888,red,1.141007627504922,8269.617722195124,248.3113518184038
889,red,0.1379911686629206,82257.04211508251,2467.914023275849
890,blue,2.1571127644201935,6675.275637568381,200.40141138233983
891,red,0.6561751115478032,14102.13712541584,423.2772372647061
892,blue,0.6254332081702582,29862.355452186763,895.9831722297663
893,red,2.4005447212290245,10422.762126215737,312.9308746808967
894,red,0.2553390836795229,,643.4587815529484
895,red,7.00832440212546,112526.48987675722,3376.134862790759
896,,0.618633638522408,50071.31572250411,1502.251844347894
897,,0.5925909335606351,57638.135373612145,1729.2559130270356
898,,2.7765932960423307,6180.405250160572,185.667689370738
899,red,2.0313391860498733,121256.02963948608,3637.9215159683026
900,blue,11.60260589582644,84046.43149610289,2521.724997001003
901,blue,0.8096072838561457,164199.6565798004,4926.105889539688
902,red,0.8865598538937607,5152.659847781993,154.79752663053767
903,,0.22779345038987925,15600.883194031614,468.23105168995625
904,red,,78203.35316178315,2346.3149431323727
905,red,0.4860560679557291,6518.305738967735,195.75889329039117
906,blue,0.6384148236547793,14013.200545708143,420.5087846677174
907,green,0.17478690084017617,1036760.4679210552,31103.117533369674
908,blue,5.262507161667523,1092000.6434597045,32760.224553934364
909,blue,0.24253639862979476,262992.58047879586,7889.882265091849
910,green,0.06067625774376135,143942.65534868068,4318.580873985575
911,green,0.30470096632938365,2868.3656912192046,86.35706475590273
912,,0.5467084850056719,61397.504061956395,1842.036056028392
913,blue,,10740.391392121199,322.3180773236527
914,green,2.999073899166425,2651.4347956760794,79.90302534826571
915,green,0.8712387943257905,7958.440342889383,239.070635062568
916,green,1.0257105627901524,27759.409647458804,833.10280363502
917,blue,1.841152555362721,7370.853983509088,221.26244255637985
918,red,1.331109129922793,7320.260169362041,219.83442726345965
919,green,2.6606416019414305,107375.03624544582,3221.6043001954135
920,red,0.3297311829405049,29384.21693543749,881.7331026867834
921,red,0.5783835201485718,35133.703391286486,1054.2226694089977
922,blue,1.946372037405571,27549.64127961322,826.6281658291447
923,blue,0.0792970412339871,5702.12227376783,171.1652541538596
924,red,0.2527929564308732,1420.6306391420903,42.82397503339133
925,blue,1.6503579968725852,40991.885884354015,1229.8895836905579
926,green,0.6186293122736966,7989.845770429,240.00774569911547
927,green,2.5500361871521395,394.8221707226644,12.195665845422974
928,red,2.2460661244192672,10045.353658739086,301.605531084661
929,red,0.3017691734460835,2478.8849405881974,74.57258360111484
930,green,1.5017890350726906,89080.92173728262,2672.75768789918
931,green,3.325758790253645,62520.54204732781,1875.9827765956393
932,red,1.158857263213106,59503.25462853169,1785.3208160012152
933,green,0.37626376561134545,5825.014476591765,175.05795957306518
934,blue,2.409429366097359,95139.84718035937,2854.343603998103
935,blue,1.8878234025320317,41743.522405104595,1252.4434286211886
936,red,1.7204928379921736,9703.975473136796,291.35367405086373
937,blue,2.046106856997189,8895.71639321405,267.01241393356145
938,red,0.0500560020051661,131323.1430678105,3939.8952931543554
939,blue,2.4131611320987725,8542.353942294703,256.4188814914831
940,blue,6.09904261547602,40429.41718221003,1213.1044963186105
941,red,1.547496516662941,174192.09676448512,5225.993852864887
942,green,,1003179.7378252612,30095.716385840686
943,red,2.0065938314844307,613997.5696369649,18420.16722098558
944,red,1.4024566848356295,133471.80398601948,4004.3821687142813
945,green,1.9189559492370287,1083.7443306611597,32.85070903881953
946,blue,,5551.942475900626,166.67830371867274
947,red,0.4645412801800581,7360.0766425226175,221.01159010128214
948,,0.36629263633879927,600969.6211873977,18029.29596147466
949,red,,5439.07407224849,163.3795930728346
950,blue,0.2533350011382969,47683.12087530726,1430.5986929592407
951,blue,0.3437839019468085,26949.880077549893,808.6032780045357
952,green,5.819801341627881,3393.9359739164483,102.234475244326
953,red,2.125688316673251,47270.798654738486,1418.366473408488
954,green,0.535246767542773,48854.03102034757,1465.931635545778
955,,0.6767910505328546,1787.2800830128965,53.93193831139755
956,,1.1191366400060998,254169.0546528211,7625.294022317434
957,,0.5191590284854941,339.3323268203318,10.390352985179664
958,green,1.0698482940650909,,203.06209173796188
959,blue,2.1762520147789504,153881.88209700354,4616.5999879504025
960,green,0.9648884949943084,2025.322716572673,61.07897926708008
961,,1.3993610543056114,,1331.5115347302767
962,blue,2.426601064607844,1647.9365746111184,49.58662925962572
963,green,,18287.10985467152,548.928530717922
964,red,1.3294836039538425,215.39073992328693,6.688311869777685
965,green,,4084.0997214274807,122.8376697148429
966,green,,1006.4223622000533,30.512108350719455
967,blue,0.7227222707846638,9862.278595207385,295.98281230163724
968,,0.589270555525587,9600.180778349391,288.3172087615922
969,red,1.1897127042634343,5725.422686394934,171.9864748459333
970,green,1.7621687870758287,,3259.637747938917
971,green,1.1575485454368488,3737.7563061991495,112.45584015688323
972,,1.6466237152115935,78336.84602915087,2350.23831334883
973,red,0.47810171308741006,572948.7441311463,17188.67188596865
974,red,0.30007129210744615,29089.37600059693,872.88728144375
975,blue,1.5174685258833156,3962.6155983659173,119.00881732149519
976,red,1.9894961011605927,1810.435983791221,54.55286943575984
977,red,1.0511210555861008,5326.39431641593,160.01285191358963
978,green,3.8498561363693056,90154.97757749076,2705.0263244474504
979,blue,2.4786121782326123,30066.938848058,902.1577376853046
980,red,14.593421438549287,143428.2849058287,4303.340415603632
981,blue,,102812.45257389978,3084.4899385983003
982,green,0.36830318928399514,29191.16295008937,876.0422545664667
983,red,0.4770486552193023,56782.10619697522,1703.6727268823608
984,blue,0.5680772838647009,900308.1916368415,27009.357110650923
985,red,1.6096735322554292,373738.8058551854,11212.396369126209
986,blue,0.1155480793785837,12022.172908769106,360.76749822466076
987,green,3.7380011552569847,159429.78484463622,4783.268305362191
988,green,0.7871813767227916,71089.97531132473,2133.0150029672764
989,red,0.7813019705900686,213795.69785415268,6414.086561663992
990,red,0.33981865679598067,84392.44345666615,2531.9801000731204
991,blue,0.8920567285009412,3139.0174939219664,94.28836595222901
992,red,1.0133278014781792,,26.115864013883485
993,green,0.8851971170897297,69234.46276073362,2077.3515867643505
994,green,1.4036265159605448,989778.43767916,29693.68120290512
995,green,0.5545312914513438,4668.867351621585,140.37711117447657
996,red,,15120.708754018684,453.8294281087337
997,blue,1.730357666007186,2775.2734104337555,83.3928094663328
998,green,1.103699207564759,,6968.444666981673
999,,,219.13024737723396,6.898266712108102
